{
  "config": {
    "session": {
      "maxAge": 86400000,
      "key": "EGG_SESS",
      "httpOnly": true,
      "encrypt": true,
      "overwrite": true,
      "signed": true,
      "encode": "<Function encode>",
      "decode": "<Function decode>",
      "genid": "<Function anonymous>"
    },
    "security": {
      "domainWhiteList": [],
      "protocolWhiteList": [],
      "defaultMiddleware": "csrf,hsts,methodnoallow,noopen,nosniff,csp,xssProtection,xframe,dta",
      "csrf": {
        "enable": false,
        "useSession": false,
        "ignoreJSON": false,
        "cookieName": "csrfToken",
        "sessionName": "csrfToken",
        "headerName": "x-csrf-token",
        "bodyName": "_csrf",
        "queryName": "_csrf"
      },
      "xframe": {
        "enable": true,
        "value": "SAMEORIGIN",
        "matching": "<Function anonymous>"
      },
      "hsts": {
        "enable": false,
        "maxAge": 31536000,
        "includeSubdomains": false
      },
      "dta": {
        "enable": true,
        "matching": "<Function anonymous>"
      },
      "methodnoallow": {
        "enable": true,
        "matching": "<Function anonymous>"
      },
      "noopen": {
        "enable": true,
        "matching": "<Function anonymous>"
      },
      "nosniff": {
        "enable": true,
        "matching": "<Function anonymous>"
      },
      "referrerPolicy": {
        "enable": false,
        "value": "no-referrer-when-downgrade"
      },
      "xssProtection": {
        "enable": true,
        "value": "1; mode=block",
        "matching": "<Function anonymous>"
      },
      "csp": {
        "enable": false,
        "policy": {}
      },
      "ssrf": {
        "ipBlackList": null,
        "checkAddress": null
      }
    },
    "helper": {
      "shtml": {}
    },
    "jsonp": {
      "limit": 50,
      "callback": [
        "_callback",
        "callback"
      ],
      "csrf": false
    },
    "onerror": {
      "errorPageUrl": "",
      "appErrorFilter": null
    },
    "i18n": {
      "defaultLocale": "en_US",
      "dirs": [
        "/Users/junlin/Projects/gic-core-strat-technical-boyang/quant-portal-backend/node_modules/_egg-session@3.1.0@egg-session/config/locales",
        "/Users/junlin/Projects/gic-core-strat-technical-boyang/quant-portal-backend/node_modules/_egg-security@2.2.2@egg-security/config/locales",
        "/Users/junlin/Projects/gic-core-strat-technical-boyang/quant-portal-backend/node_modules/_egg-jsonp@2.0.0@egg-jsonp/config/locales",
        "/Users/junlin/Projects/gic-core-strat-technical-boyang/quant-portal-backend/node_modules/_egg-onerror@2.0.0@egg-onerror/config/locales",
        "/Users/junlin/Projects/gic-core-strat-technical-boyang/quant-portal-backend/node_modules/_egg-i18n@2.0.0@egg-i18n/config/locales",
        "/Users/junlin/Projects/gic-core-strat-technical-boyang/quant-portal-backend/node_modules/_egg-watcher@3.0.0@egg-watcher/config/locales",
        "/Users/junlin/Projects/gic-core-strat-technical-boyang/quant-portal-backend/node_modules/_egg-multipart@2.0.0@egg-multipart/config/locales",
        "/Users/junlin/Projects/gic-core-strat-technical-boyang/quant-portal-backend/node_modules/_egg-development@2.2.0@egg-development/config/locales",
        "/Users/junlin/Projects/gic-core-strat-technical-boyang/quant-portal-backend/node_modules/_egg-schedule@3.3.0@egg-schedule/config/locales",
        "/Users/junlin/Projects/gic-core-strat-technical-boyang/quant-portal-backend/node_modules/_egg-logrotator@3.0.3@egg-logrotator/config/locales",
        "/Users/junlin/Projects/gic-core-strat-technical-boyang/quant-portal-backend/node_modules/_egg-static@2.1.0@egg-static/config/locales",
        "/Users/junlin/Projects/gic-core-strat-technical-boyang/quant-portal-backend/node_modules/_egg-view@2.1.0@egg-view/config/locales",
        "/Users/junlin/Projects/gic-core-strat-technical-boyang/quant-portal-backend/node_modules/egg-cors/config/locales",
        "/Users/junlin/Projects/gic-core-strat-technical-boyang/quant-portal-backend/node_modules/_egg@2.6.1@egg/config/locales",
        "/Users/junlin/Projects/gic-core-strat-technical-boyang/quant-portal-backend/config/locales"
      ],
      "queryField": "locale",
      "cookieField": "locale",
      "cookieMaxAge": "1y",
      "functionName": "__"
    },
    "watcher": {
      "type": "development",
      "eventSources": {
        "default": "/Users/junlin/Projects/gic-core-strat-technical-boyang/quant-portal-backend/node_modules/_egg-watcher@3.0.0@egg-watcher/lib/event-sources/default",
        "development": "/Users/junlin/Projects/gic-core-strat-technical-boyang/quant-portal-backend/node_modules/_egg-watcher@3.0.0@egg-watcher/lib/event-sources/development"
      }
    },
    "multipart": {
      "autoFields": false,
      "defaultCharset": "utf8",
      "fieldNameSize": 100,
      "fieldSize": 102400,
      "fields": 10,
      "fileSize": 10485760,
      "files": 10,
      "fileExtensions": [],
      "whitelist": null
    },
    "development": {
      "watchDirs": [],
      "ignoreDirs": [],
      "fastReady": false,
      "reloadOnDebug": true,
      "overrideDefault": false
    },
    "customLogger": {
      "scheduleLogger": {
        "consoleLevel": "NONE",
        "file": "/Users/junlin/Projects/gic-core-strat-technical-boyang/quant-portal-backend/logs/quant-intranet/egg-schedule.log"
      }
    },
    "logrotator": {
      "filesRotateByHour": null,
      "hourDelimiter": "-",
      "filesRotateBySize": null,
      "maxFileSize": 52428800,
      "maxFiles": 10,
      "rotateDuration": 60000,
      "maxDays": 31
    },
    "static": {
      "prefix": "/public/",
      "dir": "/Users/junlin/Projects/gic-core-strat-technical-boyang/quant-portal-backend/app/public",
      "dynamic": true,
      "preload": false,
      "buffer": false,
      "maxFiles": 1000,
      "files": "<LRU>"
    },
    "view": {
      "root": "/Users/junlin/Projects/gic-core-strat-technical-boyang/quant-portal-backend/app/view",
      "cache": false,
      "defaultExtension": ".html",
      "defaultViewEngine": "",
      "mapping": {}
    },
    "cors": {
      "origin": "*",
      "allowMethods": "GET,HEAD,PUT,POST,DELETE,PATCH"
    },
    "env": "local",
    "name": "quant-intranet",
    "keys": "<String len: 33>",
    "proxy": false,
    "protocolHeaders": "x-forwarded-proto",
    "ipHeaders": "x-forwarded-for",
    "hostHeaders": "",
    "pkg": {
      "name": "quant-intranet",
      "version": "1.0.0",
      "description": "",
      "private": true,
      "dependencies": {
        "egg": "^2.2.1",
        "egg-cors": "^2.0.0",
        "egg-scripts": "^2.5.0"
      },
      "devDependencies": {
        "autod": "^3.0.1",
        "autod-egg": "^1.0.0",
        "egg-bin": "^4.3.5",
        "egg-ci": "^1.8.0",
        "egg-mock": "^3.14.0",
        "eslint": "^4.11.0",
        "eslint-config-egg": "^6.0.0",
        "webstorm-disable-index": "^1.2.0"
      },
      "engines": {
        "node": ">=8.9.0"
      },
      "scripts": {
        "start": "egg-scripts start --daemon --title=egg-server-quant-intranet",
        "stop": "egg-scripts stop --title=egg-server-quant-intranet",
        "dev": "egg-bin dev",
        "debug": "egg-bin debug",
        "test": "npm run lint -- --fix && npm run test-local",
        "test-local": "egg-bin test",
        "cov": "egg-bin cov",
        "lint": "eslint .",
        "ci": "npm run lint && npm run cov",
        "autod": "autod"
      },
      "ci": {
        "version": "8"
      },
      "repository": {
        "type": "git",
        "url": ""
      },
      "author": "",
      "license": "MIT"
    },
    "baseDir": "/Users/junlin/Projects/gic-core-strat-technical-boyang/quant-portal-backend",
    "HOME": "/Users/junlin",
    "rundir": "/Users/junlin/Projects/gic-core-strat-technical-boyang/quant-portal-backend/run",
    "dump": {
      "ignore": "<Set>"
    },
    "confusedConfigurations": {
      "bodyparser": "bodyParser",
      "notFound": "notfound",
      "sitefile": "siteFile",
      "middlewares": "middleware",
      "httpClient": "httpclient"
    },
    "notfound": {
      "pageUrl": ""
    },
    "siteFile": {
      "/favicon.ico": "<Buffer len: 6463>"
    },
    "bodyParser": {
      "enable": true,
      "encoding": "utf8",
      "formLimit": "20mb",
      "jsonLimit": "20mb",
      "strict": true,
      "queryString": {
        "arrayLimit": 100,
        "depth": 5,
        "parameterLimit": 1000
      },
      "returnRawBody": true
    },
    "logger": {
      "dir": "/Users/junlin/Projects/gic-core-strat-technical-boyang/quant-portal-backend/logs/quant-intranet",
      "encoding": "utf8",
      "env": "local",
      "level": "INFO",
      "consoleLevel": "INFO",
      "disableConsoleAfterReady": false,
      "outputJSON": false,
      "buffer": true,
      "appLogName": "quant-intranet-web.log",
      "coreLogName": "egg-web.log",
      "agentLogName": "egg-agent.log",
      "errorLogName": "common-error.log",
      "coreLogger": {
        "consoleLevel": "WARN"
      },
      "allowDebugAtProd": true,
      "type": "application"
    },
    "httpclient": {
      "enableDNSCache": false,
      "dnsCacheMaxLength": 1000,
      "dnsCacheMaxAge": 10000,
      "request": {
        "timeout": 5000
      },
      "httpAgent": {
        "keepAlive": true,
        "freeSocketKeepAliveTimeout": 4000,
        "maxSockets": 9007199254740991,
        "maxFreeSockets": 256
      },
      "httpsAgent": {
        "keepAlive": true,
        "freeSocketKeepAliveTimeout": 4000,
        "maxSockets": 9007199254740991,
        "maxFreeSockets": 256
      }
    },
    "meta": {
      "enable": true,
      "logging": false
    },
    "coreMiddleware": [
      "cors",
      "meta",
      "siteFile",
      "notfound",
      "static",
      "bodyParser",
      "overrideMethod",
      "session",
      "securities",
      "i18n"
    ],
    "workerStartTimeout": 600000,
    "cluster": {
      "listen": {
        "path": "",
        "port": 7001,
        "hostname": ""
      }
    },
    "clusterClient": {
      "responseTimeout": 60000
    },
    "onClientError": null,
    "middleware": [],
    "coreMiddlewares": [
      "cors",
      "meta",
      "siteFile",
      "notfound",
      "static",
      "bodyParser",
      "overrideMethod",
      "session",
      "securities",
      "i18n"
    ],
    "appMiddlewares": [],
    "appMiddleware": [],
    "multipartParseOptions": {
      "autoFields": false,
      "defCharset": "utf8",
      "limits": {
        "fieldNameSize": 100,
        "fieldSize": 102400,
        "fields": 10,
        "fileSize": 10485760,
        "files": 10
      },
      "checkFile": "<Function checkFile>"
    }
  },
  "plugins": {
    "session": {
      "enable": true,
      "package": "egg-session",
      "name": "session",
      "dependencies": [],
      "optionalDependencies": [],
      "env": [],
      "from": "/Users/junlin/Projects/gic-core-strat-technical-boyang/quant-portal-backend/node_modules/_egg@2.6.1@egg/config/plugin.js",
      "path": "/Users/junlin/Projects/gic-core-strat-technical-boyang/quant-portal-backend/node_modules/_egg-session@3.1.0@egg-session",
      "version": "3.1.0"
    },
    "security": {
      "enable": true,
      "package": "egg-security",
      "name": "security",
      "dependencies": [],
      "optionalDependencies": [
        "session"
      ],
      "env": [],
      "from": "/Users/junlin/Projects/gic-core-strat-technical-boyang/quant-portal-backend/node_modules/_egg@2.6.1@egg/config/plugin.js",
      "path": "/Users/junlin/Projects/gic-core-strat-technical-boyang/quant-portal-backend/node_modules/_egg-security@2.2.2@egg-security",
      "version": "2.2.2"
    },
    "jsonp": {
      "enable": true,
      "package": "egg-jsonp",
      "name": "jsonp",
      "dependencies": [],
      "optionalDependencies": [
        "security"
      ],
      "env": [],
      "from": "/Users/junlin/Projects/gic-core-strat-technical-boyang/quant-portal-backend/node_modules/_egg@2.6.1@egg/config/plugin.js",
      "path": "/Users/junlin/Projects/gic-core-strat-technical-boyang/quant-portal-backend/node_modules/_egg-jsonp@2.0.0@egg-jsonp",
      "version": "2.0.0"
    },
    "onerror": {
      "enable": true,
      "package": "egg-onerror",
      "name": "onerror",
      "dependencies": [],
      "optionalDependencies": [
        "jsonp"
      ],
      "env": [],
      "from": "/Users/junlin/Projects/gic-core-strat-technical-boyang/quant-portal-backend/node_modules/_egg@2.6.1@egg/config/plugin.js",
      "path": "/Users/junlin/Projects/gic-core-strat-technical-boyang/quant-portal-backend/node_modules/_egg-onerror@2.0.0@egg-onerror",
      "version": "2.0.0"
    },
    "i18n": {
      "enable": true,
      "package": "egg-i18n",
      "name": "i18n",
      "dependencies": [],
      "optionalDependencies": [],
      "env": [],
      "from": "/Users/junlin/Projects/gic-core-strat-technical-boyang/quant-portal-backend/node_modules/_egg@2.6.1@egg/config/plugin.js",
      "path": "/Users/junlin/Projects/gic-core-strat-technical-boyang/quant-portal-backend/node_modules/_egg-i18n@2.0.0@egg-i18n",
      "version": "2.0.0"
    },
    "watcher": {
      "enable": true,
      "package": "egg-watcher",
      "name": "watcher",
      "dependencies": [],
      "optionalDependencies": [],
      "env": [],
      "from": "/Users/junlin/Projects/gic-core-strat-technical-boyang/quant-portal-backend/node_modules/_egg@2.6.1@egg/config/plugin.js",
      "path": "/Users/junlin/Projects/gic-core-strat-technical-boyang/quant-portal-backend/node_modules/_egg-watcher@3.0.0@egg-watcher",
      "version": "3.0.0"
    },
    "multipart": {
      "enable": true,
      "package": "egg-multipart",
      "name": "multipart",
      "dependencies": [],
      "optionalDependencies": [],
      "env": [],
      "from": "/Users/junlin/Projects/gic-core-strat-technical-boyang/quant-portal-backend/node_modules/_egg@2.6.1@egg/config/plugin.js",
      "path": "/Users/junlin/Projects/gic-core-strat-technical-boyang/quant-portal-backend/node_modules/_egg-multipart@2.0.0@egg-multipart",
      "version": "2.0.0"
    },
    "development": {
      "enable": true,
      "package": "egg-development",
      "name": "development",
      "dependencies": [
        "watcher"
      ],
      "optionalDependencies": [],
      "env": [
        "local"
      ],
      "from": "/Users/junlin/Projects/gic-core-strat-technical-boyang/quant-portal-backend/node_modules/_egg@2.6.1@egg/config/plugin.js",
      "path": "/Users/junlin/Projects/gic-core-strat-technical-boyang/quant-portal-backend/node_modules/_egg-development@2.2.0@egg-development",
      "version": "2.2.0"
    },
    "schedule": {
      "enable": true,
      "package": "egg-schedule",
      "name": "schedule",
      "dependencies": [],
      "optionalDependencies": [],
      "env": [],
      "from": "/Users/junlin/Projects/gic-core-strat-technical-boyang/quant-portal-backend/node_modules/_egg@2.6.1@egg/config/plugin.js",
      "path": "/Users/junlin/Projects/gic-core-strat-technical-boyang/quant-portal-backend/node_modules/_egg-schedule@3.3.0@egg-schedule",
      "version": "3.3.0"
    },
    "logrotator": {
      "enable": true,
      "package": "egg-logrotator",
      "name": "logrotator",
      "dependencies": [
        "schedule"
      ],
      "optionalDependencies": [],
      "env": [],
      "from": "/Users/junlin/Projects/gic-core-strat-technical-boyang/quant-portal-backend/node_modules/_egg@2.6.1@egg/config/plugin.js",
      "path": "/Users/junlin/Projects/gic-core-strat-technical-boyang/quant-portal-backend/node_modules/_egg-logrotator@3.0.3@egg-logrotator",
      "version": "3.0.3"
    },
    "static": {
      "enable": true,
      "package": "egg-static",
      "name": "static",
      "dependencies": [],
      "optionalDependencies": [],
      "env": [],
      "from": "/Users/junlin/Projects/gic-core-strat-technical-boyang/quant-portal-backend/node_modules/_egg@2.6.1@egg/config/plugin.js",
      "path": "/Users/junlin/Projects/gic-core-strat-technical-boyang/quant-portal-backend/node_modules/_egg-static@2.1.0@egg-static",
      "version": "2.1.0"
    },
    "view": {
      "enable": true,
      "package": "egg-view",
      "name": "view",
      "dependencies": [],
      "optionalDependencies": [],
      "env": [],
      "from": "/Users/junlin/Projects/gic-core-strat-technical-boyang/quant-portal-backend/node_modules/_egg@2.6.1@egg/config/plugin.js",
      "path": "/Users/junlin/Projects/gic-core-strat-technical-boyang/quant-portal-backend/node_modules/_egg-view@2.1.0@egg-view",
      "version": "2.1.0"
    },
    "cors": {
      "enable": true,
      "package": "egg-cors",
      "name": "cors",
      "dependencies": [],
      "optionalDependencies": [],
      "env": [],
      "from": "/Users/junlin/Projects/gic-core-strat-technical-boyang/quant-portal-backend/config/plugin.js",
      "path": "/Users/junlin/Projects/gic-core-strat-technical-boyang/quant-portal-backend/node_modules/egg-cors",
      "version": "2.0.0"
    }
  }
}